color_variant_id,container,reprocess
1000015602040-Green-Green,in-media-ea,true
1000015602105-White-White,in-media,true
1000015602118-White-White,in-media,true
1000015602459-White-White,in-media,true
1000015603359-Orange-Orange,in-media,true
1000015603528-White-White,in-media,true
1000015604847-White-White,in-media-ea,true
1000015605679-White-White,in-media,true
1000015605692-Green-Green,in-media,true
1000015713589-Purple-Purple,in-media,true
1000015713602-Purple-Purple,in-media,true
1000015713628-Purple-Purple,in-media,true
1000015722263-Pink-Pink,in-media-ea,true
1000015722791-Pink-Pink,in-media,true
1000015723017-Pink-Pink,in-media,true
1000015723069-Pink-Pink,in-media,true
1000015723160-Green-Green,in-media-ea,true
1000015723173-Pink-Pink,in-media-ea,true
1000015723186-Pink-Pink,in-media,true
1000015723694-Cream-Beige,in-media-ea,true
1100004000-Blue-Blue,in-media-ea,true
1100004115-Pink-Pink,in-media-ea,true
1100004137-Multicolour,in-media,true
1100004139-Multicolour,in-media,true
1100004143-Multicolour,in-media,true
1100004144-Pink-Pink,in-media,true
1100004145-Multicolour,in-media,true
1100004149-Pink-Pink,in-media,true
1100004150-White-White,in-media,true
1100004206-Pink-Pink,in-media-ea,true
1100004211-White-White,in-media-ea,true
1100004324-Pink-Pink,in-media-ea,true
1100004565-White-White,in-media-ea,true
1100004566-Green-Green,in-media-ea,true
1100004568-Red-Red,in-media-ea,true
1000015107332-White-White,in-media,true
1000015148939-Pink-Pink,in-media,true
1000015601158-Multicolour,in-media,true
1000015601263-Multicolour,in-media,true
1000015601278-Pink-Pink,in-media,true
1000015601308-Multicolour,in-media,true
1000015601338-Pink-Pink,in-media,true
1000015601398-Multicolour,in-media,true
1000015601485-White-White,in-media,true
1000015602712-White-White,in-media-ea,true
1000015602721-White-White,in-media,true
1000015606312-Multicolour,in-media,true
1000015936108-Pink-Pink,in-media,true
1100002932-White-White,in-media-ea,true
1100004152-Pink-Pink,in-media,true
1100004156-Multicolour,in-media,true
1100004157-Multicolour,in-media,true
1100004158-Multicolour,in-media,true
1100004160-Multicolour,in-media,true
1100004163-Multicolour,in-media,true
1100004164-Multicolour,in-media,true
1100004165-Multicolour,in-media,true
1100004427-Pink-Pink,in-media,true
1100004501-Pink-Pink,in-media,true
1100004573-White-White,in-media,true
1100004888-Multicolour,in-media,true
1100006027-Multicolour,in-media-ea,true
1000014295048-White-White,in-media,true
1000014295156-Yellow-YELLOW,in-media,true
1000014295169-White-WHITE,in-media,true
1000014391668-White-WHITE,in-media,true
1000014402832-Cream-CREAM,in-media,true
1000014402922-Multi-MULTI,in-media,true
1000014602762-Multicolour,in-media,true
1000014604371-Pink-Pink,in-media,true
1000014762346-Multicolour,in-media,true
1000014762692-Beige-Cream,in-media-ea,true
1000014938791-Cream-Beige,in-media,true
1000014938893-White-White,in-media,true
1000014939181-Pink-Pink,in-media,true
1000014949329-White-White,in-media,true
1000014949459-White-White,in-media,true
1000015064164-Pink-Pink,in-media,true
1000015095234-Peach-Pink,in-media,true
1000015095247-Cream-Beige,in-media,true
1000015095299-White-White,in-media,true
1000015148809-Pink-Pink,in-media,true
1000015391282-Cream-Beige,in-media-ea,true
1000015391308-Pink-Pink,in-media-ea,true
1000015600823-Pink-Pink,in-media-ea,true
1000015600849-White-White,in-media,true
1000015600953-White-White,in-media-ea,true
1000015600966-Blue-Blue,in-media-ea,true
1000015601754-White-White,in-media-ea,true
1000015601767-Green-Green,in-media-ea,true
1000015601780-Pink-Pink,in-media-ea,true
1000015601858-White-White,in-media-ea,true
1000015601884-White-White,in-media,true
1000015601897-White-White,in-media,true
1000015601910-White-White,in-media,true
1000015601923-White-White,in-media,true
1000015602053-Green-Green,in-media-ea,true
1000015602066-Green-Green,in-media-ea,true
1000015602368-Pink-Pink,in-media,true
1000015602420-Pink-Pink,in-media,true
1000015602602-Pink-Pink,in-media-ea,true
1000015602680-Green-Green,in-media-ea,true
1000015603021-Pink-Pink,in-media-ea,true
1000015603034-White-White,in-media-ea,true
1000015603060-Beige-Beige,in-media-ea,true
1000015603125-Cream-Beige,in-media,true
1000015603151-Pink-Pink,in-media,true
1000015603333-White-White,in-media,true
1000015603437-White-White,in-media,true
1000015603489-White-White,in-media,true
1000015603879-Lilac-Purple,in-media,true
1000015603892-Mustard-Yellow,in-media,true
1000015604100-Green-Green,in-media-ea,true
1000015604347-Cream-Beige,in-media,true
1000015604373-Lilac-Purple,in-media,true
1000015604399-Green-Green,in-media,true
1000015604412-Pink-Pink,in-media,true
1000015604542-Blue-Navy,in-media,true
1000015604808-Blue-Blue,in-media,true
1000015604964-Blue-Blue,in-media,true
1000015605653-Purple-Purple,in-media,true
1000015605842-Pink-Pink,in-media,true
1000015605855-Blue-Blue,in-media,true
1000015606098-White-White,in-media,true
1000015608410-Pink-Pink,in-media-ea,true
1000015721379-Pink-Pink,in-media,true
1000015722186-Yellow-Yellow,in-media,true
1000015722241-Purple-Purple,in-media,true
1000015722285-Pink-Pink,in-media-ea,true
1000015722296-White-White,in-media,true
1000015722307-Pink-Pink,in-media-ea,true
1000015722362-Pink-Pink,in-media,true
1000015722373-Green-Green,in-media,true
1000015722395-Pink-Pink,in-media,true
1000015722461-White-White,in-media,true
1000015722472-Pink-Pink,in-media,true
1000015722582-Purple-Purple,in-media,true
1000015722648-Green-Green,in-media,true
1000015722758-Cream-Beige,in-media,true
1000015722846-Cream-Beige,in-media,true
1000015722901-Beige-Cream,in-media-ea,true
1000015722956-White-White,in-media,true
1000015723030-Green-Green,in-media,true
1000015723147-Black-Black,in-media-ea,true
1000015723642-Cream-Beige,in-media,true
1000015723668-Green-Green,in-media,true
1000015723681-White-White,in-media,true
1000015723863-Green-Green,in-media,true
1000015723928-Purple-Purple,in-media-ea,true
1000015936043-Pink-Pink,in-media,true
1000015936069-Pink-Pink,in-media,true
1100002927-Pink-Pink,in-media-ea,true
1100002928-Pink-Pink,in-media-ea,true
1100003973-Pink-Pink,in-media-ea,true
1100003992-Pink-Pink,in-media-ea,true
1100004003-Yellow-Yellow,in-media-ea,true
1100004198-White-White,in-media-ea,true
1100004210-Pink-Pink,in-media-ea,true
1100004269-Blue-Blue,in-media-ea,true
1100004273-Pink-Pink,in-media-ea,true
1100004277-Yellow-Yellow,in-media-ea,true
1100004417-White-White,in-media-ea,true
1000014602777-Multicolour,in-media,true
1000014949316-White-White,in-media,true
1000014949446-Pink-Pink,in-media,true
1000015095286-White-White,in-media,true
1000015148990-Pink-Pink,in-media,true
1000015391295-Pink-Pink,in-media-ea,true
1000015600836-White-White,in-media-ea,true
1000015602394-White-White,in-media,true
1000015602693-White-White,in-media,true
1000015603320-White-White,in-media,true
1000015603346-Green-Green,in-media,true
1000015604074-Lilac-Purple,in-media-ea,true
1000015604087-Beige-Beige,in-media-ea,true
1000015604529-Pink-Pink,in-media,true
1000015604860-White-White,in-media,true
1000015605315-Multicolour,in-media,true
1000015605829-Pink-Pink,in-media,true
1000015668082-Beige-Cream,in-media,true
1000015722197-Purple-Purple,in-media,true
1000015722879-Grey-Grey,in-media-ea,true
1000015723082-Green-Green,in-media,true
1000015723629-Pink-Pink,in-media,true
1100002929-White-White,in-media-ea,true
1100003978-Pink-Pink,in-media-ea,true
1100003993-Yellow-Yellow,in-media-ea,true
1100003995-Blue-Blue,in-media-ea,true
1100003996-Pink-Pink,in-media-ea,true
1100003999-Pink-Pink,in-media-ea,true
1100004203-White-White,in-media-ea,true
1100004205-Green-Green,in-media-ea,true
1100004264-Green-Green,in-media-ea,true
1100004265-Blue-Blue,in-media-ea,true
1100004268-Pink-Pink,in-media-ea,true
1100004272-Pink-Pink,in-media-ea,true
1100004325-Multicolour,in-media-ea,true
1100004418-Pink-Pink,in-media-ea,true
1100004422-Green-Green,in-media-ea,true
1100004452-Green-Green,in-media-ea,true
1100004494-Pink-Pink,in-media-ea,true
1100004495-Pink-Pink,in-media-ea,true
1100004496-Pink-Pink,in-media-ea,true
1000015148757-Lilac-Purple,in-media,true
1000015603164-Blue-Blue,in-media,true
1000015603515-Navy-Blue,in-media,true
1000015604360-Multicolour,in-media,true
1000015604451-White-White,in-media,true
1000015606224-Multicolour,in-media-ea,true
1000015722384-Beige-Beige,in-media,true
1000015722505-Pink-Pink,in-media-ea,true
1000015722802-Green-Green,in-media,true
1000015722857-Purple-Purple,in-media,true
1000015722912-Pink-Pink,in-media-ea,true
1000015723655-Pink-Pink,in-media,true
1100003516-Pink-Pink,in-media,true
1100003979-Purple-Purple,in-media-ea,true
1100004022-Peach-Pink,in-media-ea,true
1100004033-Yellow-Yellow,in-media,true
1100004045-Green-Green,in-media,true
1100004073-Blue-Blue,in-media-ea,true
1100004074-Pink-Pink,in-media-ea,true
1100004290-Pink-Pink,in-media,true
1100004291-Multicolour,in-media-ea,true
1100004294-Multicolour,in-media-ea,true
1100004397-White-White,in-media-ea,true
1100004423-Pink-Pink,in-media-ea,true
1100004457-Pink-Pink,in-media,true
1100004458-Blue-Blue,in-media,true
1100004462-Blue-Blue,in-media,true
1100004789-Pink-Pink,in-media-ea,true
1100005077-Pink-Pink,in-media-ea,true
1100005798-Multicolour,in-media-ea,true
1100006020-Multicolour,in-media-ea,true
1100006021-Multicolour,in-media-ea,true
1000014409556-Blue-BLUE,in-media,true
1000015095208-Peach-Pink,in-media,true
1000015148731-Pink-Pink,in-media,true
1000015329111-Pink-Pink,in-media,true
1000015375086-Multicolour,in-media,true
1000015592932-Pink-Pink,in-media-ea,true
1000015600862-Green-Green,in-media,true
1000015602092-White-White,in-media,true
1000015602381-Pink-Pink,in-media,true
1000015602446-Green-Green,in-media-ea,true
1000015602654-White-White,in-media,true
1000015602772-White-White,in-media,true
1000015602817-Green-Green,in-media-ea,true
1000015603853-White-White,in-media,true
1000015603866-White-White,in-media,true
1000015604797-Cream-Beige,in-media,true
1000015604977-Multicolour,in-media,true
1000015605529-Multicolour,in-media,true
1000015680763-Beige-Cream,in-media,true
1000015717251-Multicolour,in-media,true
1000015717431-Blue-Blue,in-media,true
1000015722208-Pink-Pink,in-media-ea,true
1000015722571-Pink-Pink,in-media-ea,true
1100001784-Pink-Pink,in-media,true
1100003357-Blue-Blue,in-media,true
1100003974-Green-Green,in-media-ea,true
1100003980-Grey-Grey,in-media-ea,true
1100003994-Green-Green,in-media-ea,true
1100004197-Pink-Pink,in-media-ea,true
1100004204-Pink-Pink,in-media-ea,true
1100004276-Pink-Pink,in-media-ea,true
1100004679-Blue-Blue,in-media-ea,true
1100005032-Pink-Pink,in-media,true
1100005035-Pink-Pink,in-media-ea,true
1100005036-Green-Green,in-media,true
1100005037-Pink-Pink,in-media-ea,true
1100005040-Pink-Pink,in-media-ea,true
1100005042-White-White,in-media-ea,true
1100005043-Green-Green,in-media,true
1100005069-Cream-Beige,in-media,true
1100005070-Orange-Orange,in-media,true
1100005071-White-White,in-media,true
1100005072-White-White,in-media,true
1100005082-White-White,in-media-ea,true
1100005083-White-White,in-media,true
1100005084-Black-Black,in-media,true
1100005085-Multicolour,in-media,true
1100005086-Multicolour,in-media,true
1100005088-Multicolour,in-media,true
1100005330-Multicolour,in-media-ea,true
1100005331-Multicolour,in-media-ea,true
1100005332-Multicolour,in-media-ea,true
1100005347-Multicolour,in-media-ea,true
1100005348-Blue-Blue,in-media-ea,true
1100005349-Multicolour,in-media-ea,true
1100005350-White-White,in-media-ea,true
1100005351-Multicolour,in-media-ea,true
1100005352-Multicolour,in-media-ea,true
1100005353-Multicolour,in-media-ea,true
1100005363-White-White,in-media-ea,true
1100005364-Multicolour,in-media-ea,true
1100005366-Multicolour,in-media-ea,true
1100005550-Pink-Pink,in-media-ea,true
1100005799-Multicolour,in-media-ea,true
1100006022-Multicolour,in-media-ea,true
1000014265404-Green-GREEN,in-media,true
1000014267132-Blue-Blue,in-media,true
1000014324196-WhitePink-White,in-media,true
1000014376888-Blue-Blue,in-media,true
1000014409586-White-WHITE,in-media,true
1000014570592-Cream-Beige,in-media,true
1000014619542-Green-Green,in-media,true
1000014655855-Green-Green,in-media,true
1000014655868-Purple-Purple,in-media,true
1000015171340-Green-Green,in-media,true
1000015238673-Pink-Pink,in-media,true
1000015332999-White-White,in-media,true
1000015375071-Multicolour,in-media,true
1000015602248-Green-Green,in-media-ea,true
1000015602511-White-White,in-media,true
1000015602778-White-White,in-media,true
1000015602829-White-White,in-media,true
1000015604639-Blue-Blue,in-media,true
1000015606163-Pink-Pink,in-media-ea,true
1000015680703-Multicolour,in-media-ea,true
1000015717311-Pink-Pink,in-media,true
1000015723902-Green-Green,in-media-ea,true
1100003172-Pink-Pink,in-media-ea,true
1100003180-Multicolour,in-media,true
1100003269-Multicolour,in-media-ea,true
1100003275-Multicolour,in-media,true
1100003428-Multicolour,in-media-ea,true
1100004201-Pink-Pink,in-media-ea,true
1100004420-White-White,in-media-ea,true
1100004421-Green-Green,in-media-ea,true
1100005552-Pink-Pink,in-media-ea,true
1000016057655-Cream-Beige,in-media-ea,true
1100001358-Green-Green,in-media,true
1100001660-White-White,in-media,true
1100003055-Yellow-Yellow,in-media-ea,true
1100003181-Pink-Pink,in-media-ea,true
1100003182-Multicolour,in-media-ea,true
1100003282-White-White,in-media-ea,true
1100003355-Purple-Purple,in-media-ea,true
1100003480-Multicolour,in-media-ea,true
1100004134-Pink-Pink,in-media-ea,true
1100004404-Green-Green,in-media-ea,true
1100004678-Green-Green,in-media-ea,true
1100004690-White-White,in-media,true
1100004694-Pink-Pink,in-media,true
1100004695-Pink-Pink,in-media,true
1100004772-White-White,in-media-ea,true
1000014376864-Black-Black,in-media,true
1000014376912-Blue-Blue,in-media,true
1000014415398-Multicolour,in-media,true
1000015056062-Pink-Pink,in-media,true
1000015329156-Multicolour,in-media,true
1000015593037-Pink-Pink,in-media,true
1000015593067-Pink-Pink,in-media,true
1000015593172-Beige-Cream,in-media,true
1000015602472-White-White,in-media-ea,true
1000015604652-Blue-Blue,in-media,true
1000015723303-Pink-Pink,in-media-ea,true
1000015723316-Yellow-Yellow,in-media-ea,true
1100001781-Multicolour,in-media,true
1100002925-White-White,in-media-ea,true
1100003430-Multicolour,in-media-ea,true
1000015593097-Pink-Pink,in-media,true
1000015593412-Pink-Pink,in-media,true
1000015602498-White-White,in-media,true
1000015605994-Pink-Pink,in-media,true
1000015680958-Multicolour,in-media-ea,true
1000015681138-Multicolour,in-media,true
1000015681168-Multicolour,in-media,true
1000016036598-Pink-Pink,in-media,true
1000016055813-Blue-Blue,in-media,true
1100001888-Multicolour,in-media-ea,true
1100004199-Green-Green,in-media-ea,true
1100004202-White-White,in-media-ea,true
1100004693-Pink-Pink,in-media,true
1100004771-Blue-Blue,in-media,true
1000014265051-Green-GREEN,in-media,true
1000014265326-White-WHITE,in-media,true
1000015592962-Beige-Cream,in-media,true
1000015593052-White-White,in-media,true
1000015593187-Pink-Pink,in-media,true
1000015593232-Multicolour,in-media,true
1000015593322-Multicolour,in-media,true
1000015600940-Green-Green,in-media,true
1000015602563-White-White,in-media,true
1000015605328-Multicolour,in-media,true
1000015680943-Multicolour,in-media,true
1000015717461-Pink-Pink,in-media,true
1000015723837-White-White,in-media-ea,true
1000015723850-Pink-Pink,in-media,true
1000016039528-White-White,in-media-ea,true
1000016055798-Blue-Blue,in-media,true
1100001776-Blue-Blue,in-media-ea,true
1100003029-Pink-Pink,in-media-ea,true
1100003281-Blue-Blue,in-media-ea,true
1100003530-White-White,in-media-ea,true
1100004213-Pink-Pink,in-media-ea,true
1100004689-White-White,in-media,true
1000014350410-Blue-BLUE,in-media,true
1000014590294-Black-Black,in-media,true
1000015171325-Pink-Pink,in-media,true
1000015238748-White-White,in-media,true
1000015333044-White-White,in-media,true
1000015591555-Multicolour,in-media,true
1000015592857-Blue-Blue,in-media-ea,true
1000015593202-Pink-Pink,in-media-ea,true
1000015602576-Green-Green,in-media-ea,true
1100001786-Purple-Purple,in-media,true
1100003184-Blue-Blue,in-media,true
1100003279-Multicolour,in-media-ea,true
1100003356-Green-Green,in-media-ea,true
1100003429-Pink-Pink,in-media,true
1100003481-Multicolour,in-media,true
1100003482-Blue-Blue,in-media-ea,true
1100004194-White-White,in-media-ea,true
1100004200-White-White,in-media-ea,true
1000014619555-White-White,in-media,true
1000014619594-Purple-Purple,in-media,true
1000015593112-Multicolour,in-media,true
1000015593247-Pink-Pink,in-media,true
1000015593307-White-White,in-media,true
1000015593337-Multicolour,in-media-ea,true
1000015601743-White-White,in-media,true
1000015681018-Pink-Pink,in-media,true
1000016005560-Pink-Pink,in-media,true
1100000018-Multicolour,in-media-ea,true
1100001779-Pink-Pink,in-media-ea,true
1100001780-Pink-Pink,in-media,true
1100001791-White-White,in-media-ea,true
1100001823-Pink-Pink,in-media,true
1100002926-White-White,in-media-ea,true
1100003176-Multicolour,in-media,true
1100003273-Blue-Blue,in-media-ea,true
1100003983-Pink-Pink,in-media-ea,true
1100004284-Pink-Pink,in-media-ea,true
1100004687-Navy-Blue,in-media,true
1100004692-White-White,in-media,true
1000014350395-Blue-BLUE,in-media,true
1000015333014-Multicolour,in-media,true
1000015333029-Pink-Pink,in-media-ea,true
1000015593292-Cream-Beige,in-media,true
1000015602274-White-White,in-media,true
1000015719697-Beige-Beige,in-media,true
1000016036568-White-White,in-media,true
1100001782-Pink-Pink,in-media-ea,true
1100001785-White-White,in-media-ea,true
1100001787-Pink-Pink,in-media-ea,true
1100001822-Pink-Pink,in-media-ea,true
1100003174-Multicolour,in-media,true
1100003183-Multicolour,in-media-ea,true
1100003280-Blue-Blue,in-media-ea,true
1100003354-Multicolour,in-media,true
1100003360-Green-Green,in-media,true
1100004285-Pink-Pink,in-media-ea,true
1100004300-Green-Green,in-media-ea,true
1100004567-Green-Green,in-media-ea,true
1000014267147-Blue-Blue,in-media,true
1000014590294-White-White,in-media,true
1000015606046-Multicolour,in-media,true
1000016036583-Pink-Pink,in-media,true
1100003175-Multicolour,in-media,true
1100003274-White-White,in-media,true
1100003276-Blue-Blue,in-media,true
1100003984-Blue-Blue,in-media-ea,true
1100004013-Green-Green,in-media-ea,true
1100004569-White-White,in-media-ea,true
1100005553-Blue-Blue,in-media-ea,true
1000015601018-Pink-Pink,in-media,true
1000015601079-Pink-Pink,in-media-ea,true
1000015601097-Pink-Pink,in-media-ea,true
1000015748930-Pink-Pink,in-media-ea,true
1100004329-Pink-Pink,in-media,true
1000014939306-White-White,in-media,true
1000015600979-Pink-Pink,in-media,true
1000015600996-Green-Green,in-media-ea,true
1000015601009-Blue-Blue,in-media-ea,true
1000015601012-Pink-Pink,in-media-ea,true
1000015601045-Pink-Pink,in-media-ea,true
1000015601088-White-White,in-media,true
1000015602781-White-White,in-media,true
1000015602799-White-White,in-media,true
1000015602832-White-White,in-media,true
1000015605414-Pink-Pink,in-media-ea,true
1000015605419-Green-Green,in-media,true
1000015605429-Pink-Pink,in-media,true
1000015605471-Pink-Pink,in-media,true
1000015605478-White-White,in-media,true
1100000315-Pink-Pink,in-media,true
1100000316-Green-Green,in-media,true
1000014309179-Multi-MULTI,in-media,true
1000014376875-Blue-Blue,in-media,true
1000014376925-Purple-Purple,in-media,true
1000014409451-Multi-MULTI,in-media,true
1000014409541-White-WHITE,in-media,true
1000014569805-Pink-Pink,in-media,true
1000014590638-Multicolour,in-media,true
1000015064323-PinkWhite-Pink,in-media,true
1000015076721-Pink-Pink,in-media,true
1000015095481-Peach-Pink,in-media,true
1000015149327-Pink-Pink,in-media,true
1000015202718-Lilac-Purple,in-media,true
1000015238718-Yellow-Yellow,in-media,true
1000015593142-Red-Red,in-media,true
1000015593217-Green-Green,in-media,true
1000015600927-White-White,in-media,true
1000015602524-Purple-Purple,in-media,true
1000015602537-Purple-Purple,in-media,true
1000015602550-Pink-Pink,in-media,true
1000015602751-White-White,in-media-ea,true
1000015602757-White-White,in-media-ea,true
1000015602763-White-White,in-media,true
1000015602790-White-White,in-media,true
1000015602796-White-White,in-media,true
1000015602811-Green-Green,in-media-ea,true
1000015602823-White-White,in-media,true
1000015605523-Pink-Pink,in-media,true
1000015606351-Multicolour,in-media,true
1000015606363-Green-Green,in-media,true
1000015606393-Pink-Pink,in-media-ea,true
1000015606414-Pink-Pink,in-media,true
1000015606417-Pink-Pink,in-media,true
1000015681153-Multicolour,in-media,true
1000015713659-Purple-Purple,in-media,true
1000015713665-Purple-Purple,in-media,true
1000015717266-Pink-Pink,in-media,true
1000015717281-White-White,in-media,true
1000015717371-White-White,in-media,true
1000015723824-Pink-Pink,in-media-ea,true
1000015779177-Multicolour,in-media,true
1000015780065-White-White,in-media,true
1000015936117-Pink-Pink,in-media,true
1000016005410-Multicolour,in-media,true
1100002930-White-White,in-media-ea,true
1100002933-White-White,in-media-ea,true
1100003054-Blue-Blue,in-media-ea,true
1100003270-White-White,in-media-ea,true
1100004688-Navy-Blue,in-media,true
1100004691-LightPink-Pink,in-media,true
1000015202721-Lilac-Purple,in-media,true
1000015601021-Pink-Pink,in-media,true
1000015601048-Pink-Pink,in-media,true
1000015601082-Beige-Beige,in-media-ea,true
1000015602760-White-White,in-media-ea,true
1000015602769-White-White,in-media,true
1000015602820-Green-Green,in-media-ea,true
1000015605464-Green-Green,in-media-ea,true
1000015606357-Multicolour,in-media-ea,true
1000015606372-Green-Green,in-media,true
1000015606402-Pink-Pink,in-media,true
1000015606426-Pink-Pink,in-media,true
1000015713668-Purple-Purple,in-media,true
1000015713671-Purple-Purple,in-media,true
